"createdAt","updatedAt","catId","orderId"
"2024-03-21 08:57:10.484+08","2024-03-21 08:57:10.484+08","JFPROfGtQ","30b7db62-5344-4ecc-8dff-634548274ce0"
"2024-03-21 08:56:12.603+08","2024-03-21 08:56:12.603+08","JFPROfGtQ","3b736cd9-0900-4639-a4e5-a66597ecd200"
"2024-03-21 08:56:13.673+08","2024-03-21 08:56:13.673+08","JFPROfGtQ","491a3ab4-d433-41c3-8d8d-c601cd015fcf"
"2024-03-20 12:17:23.474+08","2024-03-20 12:17:23.474+08","JFPROfGtQ","8e300de8-b9b3-46c7-bd9d-bbbb9758399d"
"2024-03-20 12:17:22.454+08","2024-03-20 12:17:22.454+08","JFPROfGtQ","d90c56be-9f3a-496d-9432-75625b8fb9c2"
"2024-03-21 08:56:05.666+08","2024-03-21 08:56:05.666+08","JFPROfGtQ","e573fb31-e430-4a7c-824b-ce0d3b4d6b1b"
"2024-03-21 08:45:52.125+08","2024-03-21 08:45:52.125+08","JFPROfGtQ","ea0b029e-1b1b-4025-9118-2ab486991b04"
"2024-03-21 08:56:13.187+08","2024-03-21 08:56:13.187+08","JFPROfGtQ","f42bdfb5-e7d2-40f1-aa74-5c951e3cbb81"
"2024-03-20 12:18:08.999+08","2024-03-20 12:18:08.999+08","JFPROfGtQ","fa5b1ced-97d2-4c0d-9762-51025b58cb0f"
"2024-03-21 08:57:10.484+08","2024-03-21 08:57:10.484+08","LxcLIxuVT","30b7db62-5344-4ecc-8dff-634548274ce0"
"2024-03-21 08:56:12.603+08","2024-03-21 08:56:12.603+08","LxcLIxuVT","3b736cd9-0900-4639-a4e5-a66597ecd200"
"2024-03-21 08:56:13.673+08","2024-03-21 08:56:13.673+08","LxcLIxuVT","491a3ab4-d433-41c3-8d8d-c601cd015fcf"
"2024-03-20 12:17:23.474+08","2024-03-20 12:17:23.474+08","LxcLIxuVT","8e300de8-b9b3-46c7-bd9d-bbbb9758399d"
"2024-03-20 12:17:22.454+08","2024-03-20 12:17:22.454+08","LxcLIxuVT","d90c56be-9f3a-496d-9432-75625b8fb9c2"
"2024-03-21 08:56:05.666+08","2024-03-21 08:56:05.666+08","LxcLIxuVT","e573fb31-e430-4a7c-824b-ce0d3b4d6b1b"
"2024-03-21 08:45:52.125+08","2024-03-21 08:45:52.125+08","LxcLIxuVT","ea0b029e-1b1b-4025-9118-2ab486991b04"
"2024-03-21 08:56:13.187+08","2024-03-21 08:56:13.187+08","LxcLIxuVT","f42bdfb5-e7d2-40f1-aa74-5c951e3cbb81"
"2024-03-20 12:18:08.999+08","2024-03-20 12:18:08.999+08","LxcLIxuVT","fa5b1ced-97d2-4c0d-9762-51025b58cb0f"
